area,model,MAE,RMSE,MAPE,sMAPE
highest_traffic,SARIMA,294.2800264282456,540.9291493829202,19.76742549027664,20.783577770879383
highest_traffic,LightGBM,259.4851512887376,385.9786199957813,32.3060639829187,25.457888672818612
highest_traffic,LSTM,1161.14671029155,1535.9606274862867,153.99338025974393,91.28706662736249
square_4159,SARIMA,62.71403212323631,82.63178470905494,28.379346783578935,24.96797564259908
square_4159,LightGBM,111.64132863529083,126.31391686665863,55.020706436390135,39.70202977211386
square_4159,LSTM,101.48346016334487,134.27893328413154,38.76566949226079,42.00643719916092
square_4556,SARIMA,112.63940583430443,131.88194961776134,24.36507780941156,28.40216012527728
square_4556,LightGBM,148.67298840992243,198.27898967971248,33.71941000910175,26.810553423123206
square_4556,LSTM,120.57021037561661,152.58831950738912,37.3907032895094,27.968844903137253
