model,params,notes,timestamp,MAE,RMSE,MAPE,sMAPE
SARIMA,"{""order"": [1, 0, 1], ""K_daily"": 2}","grid search over (p,d,q) and number of daily Fourier harmonics, log-transformed series",2026-09-19T14:06:34.925285,824.9134734974198,1223.3358105423554,44.00224117151209,59.02035170969299
SARIMA,"{""order"": [2, 0, 2], ""K_daily"": 3}","grid search over (p,d,q) and number of daily Fourier harmonics, log-transformed series",2026-09-19T14:06:41.400693,599.2067214024403,937.4628011954121,32.39713858286813,40.47560837197358
SARIMA,"{""order"": [2, 1, 2], ""K_daily"": 3}","grid search over (p,d,q) and number of daily Fourier harmonics, log-transformed series",2026-09-19T14:06:46.075065,550.3860908334342,854.4785851563323,28.28067506177479,34.31969967198723
LightGBM,"{""num_leaves"": 15, ""learning_rate"": 0.1, ""n_estimators"": 200}","grid search over num_leaves/learning_rate/n_estimators, recursive predictions clipped",2026-09-19T14:07:23.662398,316.34223898582206,527.1808778695986,16.981986188424006,17.25804601864895
LightGBM,"{""num_leaves"": 31, ""learning_rate"": 0.05, ""n_estimators"": 300}","grid search over num_leaves/learning_rate/n_estimators, recursive predictions clipped",2026-09-19T14:07:30.896723,251.25613570445677,384.46908546152054,17.00782711889979,16.21247143773436
LightGBM,"{""num_leaves"": 63, ""learning_rate"": 0.03, ""n_estimators"": 500}","grid search over num_leaves/learning_rate/n_estimators, recursive predictions clipped",2026-09-19T14:07:45.010361,251.90527706679788,396.3090912071809,16.746026096363888,16.373688359333087
LSTM,"{""lookback"": 72, ""units"": 16, ""epochs"": 15}","grid search over lookback window and hidden units, early stopping patience=3, predictions clipped",2026-09-19T14:09:24.337803,1355.5302329794022,1903.763587568125,102.39308237595908,95.42843666994301
LSTM,"{""lookback"": 144, ""units"": 32, ""epochs"": 15}","grid search over lookback window and hidden units, early stopping patience=3, predictions clipped",2026-09-19T14:11:22.178498,2146.6545551290537,3040.5944890992414,324.695482568468,102.31250512519185
LSTM,"{""lookback"": 288, ""units"": 32, ""epochs"": 20}","grid search over lookback window and hidden units, early stopping patience=3, predictions clipped",2026-09-19T14:14:31.087338,1018.4898900332746,1504.1460277782323,95.15378891609838,68.88161923913589
